transaction_type,rows,validity_n,invalid_n,invalid_rate,amount_n,amount_median,llm_amount_n,regex_amount_n
投资/理财,1839,1839,971.0,0.5280043501903209,1837,100000.0,1804,1837
借贷,1114,1114,265.0,0.2378815080789946,1112,100000.0,1091,1112
交易/买卖,666,666,311.0,0.466966966966967,666,96043.0,655,666
其他民商事,459,459,98.0,0.21350762527233116,459,100000.0,452,459
ICO/发币,433,433,360.0,0.8314087759815243,433,60000.0,427,433
挖矿,273,273,114.0,0.4175824175824176,273,200000.0,267,273
技术服务,229,229,22.0,0.09606986899563319,229,37160.0,218,229
其他/未分类,126,126,21.0,0.16666666666666666,126,155160.625,116,126
未分类,21,21,11.0,0.5238095238095238,21,107000.0,20,21
